id,organization,category,type,jurisdiction,relationship,what_they_answer,contact_person,email,phone,website,crm_status,source_file,notes,id
C0001,AGI Future Foundation (platform owner),Internal,Owner / repository account,—,Owner,Owns the repo and supplies instructor notes and profile,,x@agifuturefoundation.org,,https://agifuturefoundation.github.io,active,git log; session,,C0001
C0002,Chris Barideaux,Internal,Instructor (course byline),—,Instructor,Course byline; profile ships empty until supplied,Chris Barideaux,,,,profile not supplied,content/instructor-profile.json,No role or bio in the repo. Don't add one until the person supplies it.,C0002
C0003,AGI Future Foundation PBC,Group entity,Affiliated entity,—,Affiliate,"Mission governance, public-benefit initiatives, fellowships, standards, research, scholarships",,,,,internal,docs/company/CAPITAL_STRUCTURE.md,Separate entity with its own rights; see the 'does NOT own' column in the source,C0003
C0004,AGI Corp,Group entity,Affiliated entity,—,Affiliate,"Parent operating company, shared IP platform, and founder of Locator.X, Inc.",,,,,internal,docs/company/CAPITAL_STRUCTURE.md,Separate entity with its own rights; see the 'does NOT own' column in the source,C0004
C0005,"Locator.X, Inc.",Group entity,Affiliated entity,—,Affiliate,"Separate company. Real-estate intelligence, underwriting, acquisition workflow and portfolio analytics — raising its own seed round (Part A)",,,,,internal,docs/company/CAPITAL_STRUCTURE.md,Separate entity with its own rights; see the 'does NOT own' column in the source,C0005
C0006,Cognition.X,Group entity,Affiliated entity,—,Affiliate,"Education, training, simulation, content and enterprise learning",,,,,internal,docs/company/CAPITAL_STRUCTURE.md,Separate entity with its own rights; see the 'does NOT own' column in the source,C0006
C0007,Robotics.X / AGI Robotics Lab,Group entity,Affiliated entity,—,Affiliate,"Robotics simulation, lab partnerships, hardware pilots, workforce training",,,,,internal,docs/company/CAPITAL_STRUCTURE.md,Separate entity with its own rights; see the 'does NOT own' column in the source,C0007
C0008,"AGI Development Management, LLC",Group entity,Affiliated entity,—,Affiliate,Development and asset-management operator,,,,,internal,docs/company/CAPITAL_STRUCTURE.md,Separate entity with its own rights; see the 'does NOT own' column in the source,C0008
C0009,"AGI Property Holdings, LLC",Group entity,Affiliated entity,—,Affiliate,Holding company for owned properties; sponsor of the Portfolio Basket,,,,,internal,docs/company/CAPITAL_STRUCTURE.md,Separate entity with its own rights; see the 'does NOT own' column in the source,C0009
C0010,"Locator.X Portfolio Basket I, LLC",Group entity,Affiliated entity,—,Affiliate,"The real-estate bundle (Part B). Acquisition, renovation, operation, refinance or sale of a defined basket of assets sourced and underwritten on the platform",,,,,internal,docs/company/CAPITAL_STRUCTURE.md,Separate entity with its own rights; see the 'does NOT own' column in the source,C0010
C0011,Asset-level SPVs,Group entity,Affiliated entity,—,Affiliate,A single property or property cluster beneath the Basket,,,,,internal,docs/company/CAPITAL_STRUCTURE.md,Separate entity with its own rights; see the 'does NOT own' column in the source,C0011
C0012,AHFA,Government — state,HFA + LIHTC allocator,Alabama,Program administrator,Writes the QAP; awards 9%/4% credits; buyer/DPA programs,,,,,named,docs/resources/state-administrators.md,,C0012
C0013,Alabama Historical Commission,Government — state,State Historic Preservation Office (SHPO),Alabama,Program administrator,Federal historic credit Part 1/2/3 review; state historic credit,,,,,named,docs/resources/state-administrators.md,State historic credit: ✔,C0013
C0014,AHFC,Government — state,HFA + LIHTC allocator,Alaska,Program administrator,Writes the QAP; awards 9%/4% credits; buyer/DPA programs,,,,,named,docs/resources/state-administrators.md,,C0014
C0015,Alaska — Office of History & Archaeology (DNR),Government — state,State Historic Preservation Office (SHPO),Alaska,Program administrator,Federal historic credit Part 1/2/3 review,,,,,named,docs/resources/state-administrators.md,State historic credit: —,C0015
C0016,ADOH,Government — state,Housing finance agency (HFA),Arizona,Program administrator,"Buyer loans, DPA, bond multifamily, participating-lender list",,,,,named,docs/states/README.md,,C0016
C0017,Arizona Dept. of Housing,Government — state,LIHTC allocator (differs from HFA),Arizona,Program administrator,Writes the QAP; awards 9%/4% credits,,,,,named,docs/resources/state-administrators.md,,C0017
C0018,"SHPO, Arizona State Parks",Government — state,State Historic Preservation Office (SHPO),Arizona,Program administrator,Federal historic credit Part 1/2/3 review,,,,,named,docs/resources/state-administrators.md,State historic credit: — (new state LIHTC instead),C0018
C0019,ADFA,Government — state,HFA + LIHTC allocator,Arkansas,Program administrator,Writes the QAP; awards 9%/4% credits; buyer/DPA programs,,,,,named,docs/resources/state-administrators.md,,C0019
C0020,Arkansas Historic Preservation Program,Government — state,State Historic Preservation Office (SHPO),Arkansas,Program administrator,Federal historic credit Part 1/2/3 review; state historic credit,,,,,named,docs/resources/state-administrators.md,State historic credit: ✔,C0020
C0021,CTCAC (Treasurer's Tax Credit Allocation Committee — not CalHFA),Government — state,HFA + LIHTC allocator,California,Program administrator,Writes the QAP; awards 9%/4% credits; buyer/DPA programs,,,,,named,docs/resources/state-administrators.md,,C0021
C0022,California — Office of Historic Preservation (State Parks),Government — state,State Historic Preservation Office (SHPO),California,Program administrator,Federal historic credit Part 1/2/3 review; state historic credit,,,,,named,docs/resources/state-administrators.md,State historic credit: ✔ (funding on/off by budget),C0022
C0023,CHFA,Government — state,HFA + LIHTC allocator,Colorado,Program administrator,Writes the QAP; awards 9%/4% credits; buyer/DPA programs,,,,,named,docs/resources/state-administrators.md,,C0023
C0024,History Colorado (OAHP),Government — state,State Historic Preservation Office (SHPO),Colorado,Program administrator,Federal historic credit Part 1/2/3 review; state historic credit,,,,,named,docs/resources/state-administrators.md,State historic credit: ✔,C0024
C0025,CHFA,Government — state,HFA + LIHTC allocator,Connecticut,Program administrator,Writes the QAP; awards 9%/4% credits; buyer/DPA programs,,,,,named,docs/resources/state-administrators.md,,C0025
C0026,"Connecticut — SHPO, Dept. of Economic & Community Development",Government — state,State Historic Preservation Office (SHPO),Connecticut,Program administrator,Federal historic credit Part 1/2/3 review; state historic credit,,,,,named,docs/resources/state-administrators.md,State historic credit: ✔,C0026
C0027,DSHA,Government — state,HFA + LIHTC allocator,Delaware,Program administrator,Writes the QAP; awards 9%/4% credits; buyer/DPA programs,,,,,named,docs/resources/state-administrators.md,,C0027
C0028,Delaware — Division of Historical & Cultural Affairs,Government — state,State Historic Preservation Office (SHPO),Delaware,Program administrator,Federal historic credit Part 1/2/3 review; state historic credit,,,,,named,docs/resources/state-administrators.md,State historic credit: ✔,C0028
C0029,DHCD (not DCHFA),Government — state,HFA + LIHTC allocator,DC,Program administrator,Writes the QAP; awards 9%/4% credits; buyer/DPA programs,,,,,named,docs/resources/state-administrators.md,,C0029
C0030,DC — Historic Preservation Office (Office of Planning),Government — state,State Historic Preservation Office (SHPO),DC,Program administrator,Federal historic credit Part 1/2/3 review,,,,,named,docs/resources/state-administrators.md,State historic credit: —,C0030
C0031,Florida Housing,Government — state,HFA + LIHTC allocator,Florida,Program administrator,Writes the QAP; awards 9%/4% credits; buyer/DPA programs,,,,,named,docs/resources/state-administrators.md,,C0031
C0032,Florida — Division of Historical Resources (Dept. of State),Government — state,State Historic Preservation Office (SHPO),Florida,Program administrator,Federal historic credit Part 1/2/3 review,,,,,named,docs/resources/state-administrators.md,State historic credit: —,C0032
C0033,DCA / GHFA,Government — state,Housing finance agency (HFA),Georgia,Program administrator,"Buyer loans, DPA, bond multifamily, participating-lender list",,,,,named,docs/states/README.md,,C0033
C0034,DCA,Government — state,LIHTC allocator (differs from HFA),Georgia,Program administrator,Writes the QAP; awards 9%/4% credits,,,,,named,docs/resources/state-administrators.md,,C0034
C0035,Georgia — Historic Preservation Division,Government — state,State Historic Preservation Office (SHPO),Georgia,Program administrator,Federal historic credit Part 1/2/3 review; state historic credit,,,,,named,docs/resources/state-administrators.md,"State historic credit: ✔ (capped, reformed — verify)",C0035
C0036,HHFDC,Government — state,HFA + LIHTC allocator,Hawaii,Program administrator,Writes the QAP; awards 9%/4% credits; buyer/DPA programs,,,,,named,docs/resources/state-administrators.md,,C0036
C0037,Hawaii — State Historic Preservation Division (DLNR),Government — state,State Historic Preservation Office (SHPO),Hawaii,Program administrator,Federal historic credit Part 1/2/3 review; state historic credit,,,,,named,docs/resources/state-administrators.md,State historic credit: ✔,C0037
C0038,IHFA,Government — state,HFA + LIHTC allocator,Idaho,Program administrator,Writes the QAP; awards 9%/4% credits; buyer/DPA programs,,,,,named,docs/resources/state-administrators.md,,C0038
C0039,Idaho State Historical Society,Government — state,State Historic Preservation Office (SHPO),Idaho,Program administrator,Federal historic credit Part 1/2/3 review,,,,,named,docs/resources/state-administrators.md,State historic credit: —,C0039
C0040,IHDA,Government — state,HFA + LIHTC allocator,Illinois,Program administrator,Writes the QAP; awards 9%/4% credits; buyer/DPA programs,,,,,named,docs/resources/state-administrators.md,,C0040
C0041,"Illinois — SHPO, Dept. of Natural Resources",Government — state,State Historic Preservation Office (SHPO),Illinois,Program administrator,Federal historic credit Part 1/2/3 review; state historic credit,,,,,named,docs/resources/state-administrators.md,State historic credit: ✔ (statewide since 2019),C0041
C0042,IHCDA,Government — state,HFA + LIHTC allocator,Indiana,Program administrator,Writes the QAP; awards 9%/4% credits; buyer/DPA programs,,,,,named,docs/resources/state-administrators.md,,C0042
C0043,Indiana — Division of Historic Preservation & Archaeology (DNR),Government — state,State Historic Preservation Office (SHPO),Indiana,Program administrator,Federal historic credit Part 1/2/3 review; state historic credit,,,,,named,docs/resources/state-administrators.md,"State historic credit: ✔ (small, chronically oversubscribed)",C0043
C0044,Iowa Finance Authority,Government — state,HFA + LIHTC allocator,Iowa,Program administrator,Writes the QAP; awards 9%/4% credits; buyer/DPA programs,,,,,named,docs/resources/state-administrators.md,,C0044
C0045,State Historical Society of Iowa,Government — state,State Historic Preservation Office (SHPO),Iowa,Program administrator,Federal historic credit Part 1/2/3 review; state historic credit,,,,,named,docs/resources/state-administrators.md,State historic credit: ✔,C0045
C0046,KHRC,Government — state,HFA + LIHTC allocator,Kansas,Program administrator,Writes the QAP; awards 9%/4% credits; buyer/DPA programs,,,,,named,docs/resources/state-administrators.md,,C0046
C0047,Kansas Historical Society,Government — state,State Historic Preservation Office (SHPO),Kansas,Program administrator,Federal historic credit Part 1/2/3 review; state historic credit,,,,,named,docs/resources/state-administrators.md,State historic credit: ✔,C0047
C0048,KHC,Government — state,HFA + LIHTC allocator,Kentucky,Program administrator,Writes the QAP; awards 9%/4% credits; buyer/DPA programs,,,,,named,docs/resources/state-administrators.md,,C0048
C0049,Kentucky Heritage Council,Government — state,State Historic Preservation Office (SHPO),Kentucky,Program administrator,Federal historic credit Part 1/2/3 review; state historic credit,,,,,named,docs/resources/state-administrators.md,State historic credit: ✔,C0049
C0050,LHC,Government — state,HFA + LIHTC allocator,Louisiana,Program administrator,Writes the QAP; awards 9%/4% credits; buyer/DPA programs,,,,,named,docs/resources/state-administrators.md,,C0050
C0051,Louisiana — Division of Historic Preservation (Office of Cultural Development),Government — state,State Historic Preservation Office (SHPO),Louisiana,Program administrator,Federal historic credit Part 1/2/3 review; state historic credit,,,,,named,docs/resources/state-administrators.md,State historic credit: ✔ (the conversion stack — see the state guide),C0051
C0052,MaineHousing,Government — state,HFA + LIHTC allocator,Maine,Program administrator,Writes the QAP; awards 9%/4% credits; buyer/DPA programs,,,,,named,docs/resources/state-administrators.md,,C0052
C0053,Maine Historic Preservation Commission,Government — state,State Historic Preservation Office (SHPO),Maine,Program administrator,Federal historic credit Part 1/2/3 review; state historic credit,,,,,named,docs/resources/state-administrators.md,"State historic credit: ✔ (25%, partly refundable)",C0053
C0054,Maryland DHCD,Government — state,Housing finance agency (HFA),Maryland,Program administrator,"Buyer loans, DPA, bond multifamily, participating-lender list",,,,,named,docs/states/README.md,,C0054
C0055,DHCD,Government — state,LIHTC allocator (differs from HFA),Maryland,Program administrator,Writes the QAP; awards 9%/4% credits,,,,,named,docs/resources/state-administrators.md,,C0055
C0056,Maryland Historical Trust,Government — state,State Historic Preservation Office (SHPO),Maryland,Program administrator,Federal historic credit Part 1/2/3 review; state historic credit,,,,,named,docs/resources/state-administrators.md,State historic credit: ✔,C0056
C0057,EOHLC (housing secretariat — not MassHousing),Government — state,HFA + LIHTC allocator,Massachusetts,Program administrator,Writes the QAP; awards 9%/4% credits; buyer/DPA programs,,,,,named,docs/resources/state-administrators.md,,C0057
C0058,Massachusetts Historical Commission,Government — state,State Historic Preservation Office (SHPO),Massachusetts,Program administrator,Federal historic credit Part 1/2/3 review; state historic credit,,,,,named,docs/resources/state-administrators.md,State historic credit: ✔,C0058
C0059,MSHDA,Government — state,HFA + LIHTC allocator,Michigan,Program administrator,Writes the QAP; awards 9%/4% credits; buyer/DPA programs,,,,,named,docs/resources/state-administrators.md,,C0059
C0060,Michigan SHPO,Government — state,State Historic Preservation Office (SHPO),Michigan,Program administrator,Federal historic credit Part 1/2/3 review; state historic credit,,,,,named,docs/resources/state-administrators.md,State historic credit: ✔ (reinstated 2021),C0060
C0061,Minnesota Housing (+ Minneapolis/St. Paul suballocation),Government — state,HFA + LIHTC allocator,Minnesota,Program administrator,Writes the QAP; awards 9%/4% credits; buyer/DPA programs,,,,,named,docs/resources/state-administrators.md,,C0061
C0062,"Minnesota — SHPO, Dept. of Administration",Government — state,State Historic Preservation Office (SHPO),Minnesota,Program administrator,Federal historic credit Part 1/2/3 review; state historic credit,,,,,named,docs/resources/state-administrators.md,State historic credit: ✔ (lapsed and revived — verify current),C0062
C0063,MS Home Corporation,Government — state,Housing finance agency (HFA),Mississippi,Program administrator,"Buyer loans, DPA, bond multifamily, participating-lender list",,,,,named,docs/states/README.md,,C0063
C0064,Mississippi Home Corporation,Government — state,LIHTC allocator (differs from HFA),Mississippi,Program administrator,Writes the QAP; awards 9%/4% credits,,,,,named,docs/resources/state-administrators.md,,C0064
C0065,Mississippi — Dept. of Archives & History,Government — state,State Historic Preservation Office (SHPO),Mississippi,Program administrator,Federal historic credit Part 1/2/3 review; state historic credit,,,,,named,docs/resources/state-administrators.md,State historic credit: ✔,C0065
C0066,MHDC,Government — state,HFA + LIHTC allocator,Missouri,Program administrator,Writes the QAP; awards 9%/4% credits; buyer/DPA programs,,,,,named,docs/resources/state-administrators.md,,C0066
C0067,"Missouri — SHPO, Dept. of Natural Resources",Government — state,State Historic Preservation Office (SHPO),Missouri,Program administrator,Federal historic credit Part 1/2/3 review; state historic credit,,,,,named,docs/resources/state-administrators.md,State historic credit: ✔ (one of the largest),C0067
C0068,Montana Housing (Dept. of Commerce),Government — state,HFA + LIHTC allocator,Montana,Program administrator,Writes the QAP; awards 9%/4% credits; buyer/DPA programs,,,,,named,docs/resources/state-administrators.md,,C0068
C0069,Montana Historical Society,Government — state,State Historic Preservation Office (SHPO),Montana,Program administrator,Federal historic credit Part 1/2/3 review; state historic credit,,,,,named,docs/resources/state-administrators.md,State historic credit: ✔ (small),C0069
C0070,NIFA,Government — state,HFA + LIHTC allocator,Nebraska,Program administrator,Writes the QAP; awards 9%/4% credits; buyer/DPA programs,,,,,named,docs/resources/state-administrators.md,,C0070
C0071,History Nebraska,Government — state,State Historic Preservation Office (SHPO),Nebraska,Program administrator,Federal historic credit Part 1/2/3 review; state historic credit,,,,,named,docs/resources/state-administrators.md,State historic credit: ✔,C0071
C0072,NV Housing Division,Government — state,Housing finance agency (HFA),Nevada,Program administrator,"Buyer loans, DPA, bond multifamily, participating-lender list",,,,,named,docs/states/README.md,,C0072
C0073,Nevada Housing Division,Government — state,LIHTC allocator (differs from HFA),Nevada,Program administrator,Writes the QAP; awards 9%/4% credits,,,,,named,docs/resources/state-administrators.md,,C0073
C0074,Nevada SHPO,Government — state,State Historic Preservation Office (SHPO),Nevada,Program administrator,Federal historic credit Part 1/2/3 review,,,,,named,docs/resources/state-administrators.md,State historic credit: —,C0074
C0075,NHHFA,Government — state,HFA + LIHTC allocator,New Hampshire,Program administrator,Writes the QAP; awards 9%/4% credits; buyer/DPA programs,,,,,named,docs/resources/state-administrators.md,,C0075
C0076,New Hampshire — Division of Historical Resources,Government — state,State Historic Preservation Office (SHPO),New Hampshire,Program administrator,Federal historic credit Part 1/2/3 review,,,,,named,docs/resources/state-administrators.md,State historic credit: —,C0076
C0077,NJHMFA,Government — state,HFA + LIHTC allocator,New Jersey,Program administrator,Writes the QAP; awards 9%/4% credits; buyer/DPA programs,,,,,named,docs/resources/state-administrators.md,,C0077
C0078,New Jersey — Historic Preservation Office (DEP),Government — state,State Historic Preservation Office (SHPO),New Jersey,Program administrator,Federal historic credit Part 1/2/3 review; state historic credit,,,,,named,docs/resources/state-administrators.md,State historic credit: ✔ (2020s Aspire-era program),C0078
C0079,New Mexico MFA,Government — state,HFA + LIHTC allocator,New Mexico,Program administrator,Writes the QAP; awards 9%/4% credits; buyer/DPA programs,,,,,named,docs/resources/state-administrators.md,,C0079
C0080,New Mexico — Historic Preservation Division (Cultural Affairs),Government — state,State Historic Preservation Office (SHPO),New Mexico,Program administrator,Federal historic credit Part 1/2/3 review; state historic credit,,,,,named,docs/resources/state-administrators.md,State historic credit: ✔,C0080
C0081,NYS HCR (+ NYC HPD suballocates in the city),Government — state,HFA + LIHTC allocator,New York,Program administrator,Writes the QAP; awards 9%/4% credits; buyer/DPA programs,,,,,named,docs/resources/state-administrators.md,,C0081
C0082,"New York — SHPO, Parks/OPRHP",Government — state,State Historic Preservation Office (SHPO),New York,Program administrator,Federal historic credit Part 1/2/3 review; state historic credit,,,,,named,docs/resources/state-administrators.md,State historic credit: ✔,C0082
C0083,NCHFA,Government — state,HFA + LIHTC allocator,North Carolina,Program administrator,Writes the QAP; awards 9%/4% credits; buyer/DPA programs,,,,,named,docs/resources/state-administrators.md,,C0083
C0084,"North Carolina — SHPO, Dept. of Natural & Cultural Resources",Government — state,State Historic Preservation Office (SHPO),North Carolina,Program administrator,Federal historic credit Part 1/2/3 review; state historic credit,,,,,named,docs/resources/state-administrators.md,State historic credit: ✔,C0084
C0085,NDHFA,Government — state,HFA + LIHTC allocator,North Dakota,Program administrator,Writes the QAP; awards 9%/4% credits; buyer/DPA programs,,,,,named,docs/resources/state-administrators.md,,C0085
C0086,State Historical Society of North Dakota,Government — state,State Historic Preservation Office (SHPO),North Dakota,Program administrator,Federal historic credit Part 1/2/3 review; state historic credit,,,,,named,docs/resources/state-administrators.md,State historic credit: ✔ (Renaissance-zone adjacent),C0086
C0087,OHFA,Government — state,HFA + LIHTC allocator,Ohio,Program administrator,Writes the QAP; awards 9%/4% credits; buyer/DPA programs,,,,,named,docs/resources/state-administrators.md,,C0087
C0088,"SHPO, Ohio History Connection",Government — state,State Historic Preservation Office (SHPO),Ohio,Program administrator,Federal historic credit Part 1/2/3 review; state historic credit,,,,,named,docs/resources/state-administrators.md,State historic credit: ✔ (competitive rounds),C0088
C0089,OHFA (Oklahoma),Government — state,Housing finance agency (HFA),Oklahoma,Program administrator,"Buyer loans, DPA, bond multifamily, participating-lender list",,,,,named,docs/states/README.md,,C0089
C0090,Oklahoma HFA,Government — state,LIHTC allocator (differs from HFA),Oklahoma,Program administrator,Writes the QAP; awards 9%/4% credits,,,,,named,docs/resources/state-administrators.md,,C0090
C0091,Oklahoma Historical Society SHPO,Government — state,State Historic Preservation Office (SHPO),Oklahoma,Program administrator,Federal historic credit Part 1/2/3 review; state historic credit,,,,,named,docs/resources/state-administrators.md,State historic credit: ✔,C0091
C0092,OHCS,Government — state,HFA + LIHTC allocator,Oregon,Program administrator,Writes the QAP; awards 9%/4% credits; buyer/DPA programs,,,,,named,docs/resources/state-administrators.md,,C0092
C0093,Oregon SHPO (Parks & Recreation),Government — state,State Historic Preservation Office (SHPO),Oregon,Program administrator,Federal historic credit Part 1/2/3 review,,,,,named,docs/resources/state-administrators.md,State historic credit: — (special assessment instead),C0093
C0094,PHFA,Government — state,HFA + LIHTC allocator,Pennsylvania,Program administrator,Writes the QAP; awards 9%/4% credits; buyer/DPA programs,,,,,named,docs/resources/state-administrators.md,,C0094
C0095,Pennsylvania — PA SHPO (Historical & Museum Commission),Government — state,State Historic Preservation Office (SHPO),Pennsylvania,Program administrator,Federal historic credit Part 1/2/3 review; state historic credit,,,,,named,docs/resources/state-administrators.md,State historic credit: ✔ (capped),C0095
C0096,RIHousing,Government — state,HFA + LIHTC allocator,Rhode Island,Program administrator,Writes the QAP; awards 9%/4% credits; buyer/DPA programs,,,,,named,docs/resources/state-administrators.md,,C0096
C0097,Rhode Island — Historical Preservation & Heritage Commission,Government — state,State Historic Preservation Office (SHPO),Rhode Island,Program administrator,Federal historic credit Part 1/2/3 review; state historic credit,,,,,named,docs/resources/state-administrators.md,State historic credit: ✔ (funding intermittent — verify),C0097
C0098,SC Housing,Government — state,HFA + LIHTC allocator,South Carolina,Program administrator,Writes the QAP; awards 9%/4% credits; buyer/DPA programs,,,,,named,docs/resources/state-administrators.md,,C0098
C0099,South Carolina — Dept. of Archives & History,Government — state,State Historic Preservation Office (SHPO),South Carolina,Program administrator,Federal historic credit Part 1/2/3 review; state historic credit,,,,,named,docs/resources/state-administrators.md,State historic credit: ✔ (plus the mill/abandoned-buildings credits),C0099
C0100,SDHDA,Government — state,HFA + LIHTC allocator,South Dakota,Program administrator,Writes the QAP; awards 9%/4% credits; buyer/DPA programs,,,,,named,docs/resources/state-administrators.md,,C0100
C0101,South Dakota — State Historical Society,Government — state,State Historic Preservation Office (SHPO),South Dakota,Program administrator,Federal historic credit Part 1/2/3 review,,,,,named,docs/resources/state-administrators.md,State historic credit: — (property-tax moratorium instead),C0101
C0102,THDA,Government — state,HFA + LIHTC allocator,Tennessee,Program administrator,Writes the QAP; awards 9%/4% credits; buyer/DPA programs,,,,,named,docs/resources/state-administrators.md,,C0102
C0103,Tennessee Historical Commission,Government — state,State Historic Preservation Office (SHPO),Tennessee,Program administrator,Federal historic credit Part 1/2/3 review,,,,,named,docs/resources/state-administrators.md,State historic credit: —,C0103
C0104,TDHCA,Government — state,HFA + LIHTC allocator,Texas,Program administrator,Writes the QAP; awards 9%/4% credits; buyer/DPA programs,,,,,named,docs/resources/state-administrators.md,,C0104
C0105,Texas Historical Commission,Government — state,State Historic Preservation Office (SHPO),Texas,Program administrator,Federal historic credit Part 1/2/3 review; state historic credit,,,,,named,docs/resources/state-administrators.md,State historic credit: ✔,C0105
C0106,Utah Housing Corporation,Government — state,HFA + LIHTC allocator,Utah,Program administrator,Writes the QAP; awards 9%/4% credits; buyer/DPA programs,,,,,named,docs/resources/state-administrators.md,,C0106
C0107,Utah SHPO,Government — state,State Historic Preservation Office (SHPO),Utah,Program administrator,Federal historic credit Part 1/2/3 review; state historic credit,,,,,named,docs/resources/state-administrators.md,State historic credit: ✔ (residential-leaning),C0107
C0108,VHFA,Government — state,HFA + LIHTC allocator,Vermont,Program administrator,Writes the QAP; awards 9%/4% credits; buyer/DPA programs,,,,,named,docs/resources/state-administrators.md,,C0108
C0109,Vermont — Division for Historic Preservation,Government — state,State Historic Preservation Office (SHPO),Vermont,Program administrator,Federal historic credit Part 1/2/3 review; state historic credit,,,,,named,docs/resources/state-administrators.md,State historic credit: ✔ (downtown/village credits),C0109
C0110,Virginia Housing,Government — state,HFA + LIHTC allocator,Virginia,Program administrator,Writes the QAP; awards 9%/4% credits; buyer/DPA programs,,,,,named,docs/resources/state-administrators.md,,C0110
C0111,Virginia — Dept. of Historic Resources,Government — state,State Historic Preservation Office (SHPO),Virginia,Program administrator,Federal historic credit Part 1/2/3 review; state historic credit,,,,,named,docs/resources/state-administrators.md,State historic credit: ✔ (25% — among the strongest),C0111
C0112,WSHFC,Government — state,HFA + LIHTC allocator,Washington,Program administrator,Writes the QAP; awards 9%/4% credits; buyer/DPA programs,,,,,named,docs/resources/state-administrators.md,,C0112
C0113,Washington — DAHP (Archaeology & Historic Preservation),Government — state,State Historic Preservation Office (SHPO),Washington,Program administrator,Federal historic credit Part 1/2/3 review,,,,,named,docs/resources/state-administrators.md,State historic credit: — (special valuation instead),C0113
C0114,WVHDF,Government — state,HFA + LIHTC allocator,West Virginia,Program administrator,Writes the QAP; awards 9%/4% credits; buyer/DPA programs,,,,,named,docs/resources/state-administrators.md,,C0114
C0115,West Virginia — SHPO (Archives & History),Government — state,State Historic Preservation Office (SHPO),West Virginia,Program administrator,Federal historic credit Part 1/2/3 review; state historic credit,,,,,named,docs/resources/state-administrators.md,State historic credit: ✔,C0115
C0116,WHEDA,Government — state,HFA + LIHTC allocator,Wisconsin,Program administrator,Writes the QAP; awards 9%/4% credits; buyer/DPA programs,,,,,named,docs/resources/state-administrators.md,,C0116
C0117,Wisconsin Historical Society,Government — state,State Historic Preservation Office (SHPO),Wisconsin,Program administrator,Federal historic credit Part 1/2/3 review; state historic credit,,,,,named,docs/resources/state-administrators.md,State historic credit: ✔,C0117
C0118,WCDA,Government — state,HFA + LIHTC allocator,Wyoming,Program administrator,Writes the QAP; awards 9%/4% credits; buyer/DPA programs,,,,,named,docs/resources/state-administrators.md,,C0118
C0119,Wyoming SHPO,Government — state,State Historic Preservation Office (SHPO),Wyoming,Program administrator,Federal historic credit Part 1/2/3 review,,,,,named,docs/resources/state-administrators.md,State historic credit: —,C0119
C0120,HUD / FHA,Government — federal,Federal agency / program,US,Data source / program,"Multifamily 223(f), 221(d)(4), 232; FHA 203(b)/(k); approved-lender roster; PHA directory; QCT/DDA",,,,,named,docs/resources/federal-programs.md; lenders.md; property-data-sources.md,,C0120
C0121,Fannie Mae (DUS),Government — federal,Federal agency / program,US,Data source / program,Agency multifamily permanent debt via DUS lenders,,,,,named,docs/resources/federal-programs.md; lenders.md; property-data-sources.md,,C0121
C0122,Freddie Mac (Optigo),Government — federal,Federal agency / program,US,Data source / program,Agency multifamily incl. Small Balance Loans,,,,,named,docs/resources/federal-programs.md; lenders.md; property-data-sources.md,,C0122
C0123,USDA Rural Development (state offices),Government — federal,Federal agency / program,US,Data source / program,"502, 515, 538, B&I, Community Facilities; eligibility maps",,,,,named,docs/resources/federal-programs.md; lenders.md; property-data-sources.md,,C0123
C0124,SBA,Government — federal,Federal agency / program,US,Data source / program,504 (via CDCs) and 7(a) owner-occupied commercial,,,,,named,docs/resources/federal-programs.md; lenders.md; property-data-sources.md,,C0124
C0125,Dept. of Veterans Affairs,Government — federal,Federal agency / program,US,Data source / program,VA loans (assumable),,,,,named,docs/resources/federal-programs.md; lenders.md; property-data-sources.md,,C0125
C0126,CDFI Fund (US Treasury),Government — federal,Federal agency / program,US,Data source / program,CDFI and NMTC award lists — mission capital near a parcel,,,,,named,docs/resources/federal-programs.md; lenders.md; property-data-sources.md,,C0126
C0127,National Park Service,Government — federal,Federal agency / program,US,Data source / program,Federal historic tax credit certification; SHPO directory,,,,,named,docs/resources/federal-programs.md; lenders.md; property-data-sources.md,,C0127
C0128,EPA,Government — federal,Federal agency / program,US,Data source / program,Brownfields assessment/cleanup grants,,,,,named,docs/resources/federal-programs.md; lenders.md; property-data-sources.md,,C0128
C0129,FEMA / NFIP,Government — federal,Federal agency / program,US,Data source / program,"Flood maps (NFHL), Risk Rating 2.0, CDBG-DR context",,,,,named,docs/resources/federal-programs.md; lenders.md; property-data-sources.md,,C0129
C0130,FFIEC,Government — federal,Federal agency / program,US,Data source / program,Bank call reports / UBPR — CRE concentration screening,,,,,named,docs/resources/federal-programs.md; lenders.md; property-data-sources.md,,C0130
C0131,NCUA,Government — federal,Federal agency / program,US,Data source / program,Credit-union call reports,,,,,named,docs/resources/federal-programs.md; lenders.md; property-data-sources.md,,C0131
C0132,FHFA,Government — federal,Federal agency / program,US,Data source / program,House-price and agency data,,,,,named,docs/resources/federal-programs.md; lenders.md; property-data-sources.md,,C0132
C0133,US Census Bureau,Government — federal,Federal agency / program,US,Data source / program,"ACS, LEHD/LODES, TIGER",,,,,named,docs/resources/federal-programs.md; lenders.md; property-data-sources.md,,C0133
C0134,BLS,Government — federal,Federal agency / program,US,Data source / program,QCEW / CES employment,,,,,named,docs/resources/federal-programs.md; lenders.md; property-data-sources.md,,C0134
C0135,BEA,Government — federal,Federal agency / program,US,Data source / program,Regional income,,,,,named,docs/resources/federal-programs.md; lenders.md; property-data-sources.md,,C0135
C0136,IRS SOI,Government — federal,Federal agency / program,US,Data source / program,Migration data,,,,,named,docs/resources/federal-programs.md; lenders.md; property-data-sources.md,,C0136
C0137,SEC EDGAR,Government — federal,Federal agency / program,US,Data source / program,Public-company and REIT filings,,,,https://www.sec.gov,named,docs/resources/federal-programs.md; lenders.md; property-data-sources.md,,C0137
C0138,PACER (federal bankruptcy courts),Government — federal,Federal agency / program,US,Data source / program,Bankruptcy dockets,,,,,named,docs/resources/federal-programs.md; lenders.md; property-data-sources.md,,C0138
C0139,IPEDS (NCES),Government — federal,Federal agency / program,US,Data source / program,University enrollment,,,,,named,docs/resources/federal-programs.md; lenders.md; property-data-sources.md,,C0139
C0140,Walker & Dunlop,Lender,Agency multifamily lender (DUS/Optigo),US,Prospective lender,"Fannie/Freddie multifamily, 5+ units",,,,,named,docs/resources/lenders.md,,C0140
C0141,Berkadia,Lender,Agency multifamily lender (DUS/Optigo),US,Prospective lender,"Fannie/Freddie multifamily, 5+ units",,,,,named,docs/resources/lenders.md,,C0141
C0142,Arbor,Lender,Agency multifamily lender (DUS/Optigo),US,Prospective lender,"Fannie/Freddie multifamily, 5+ units",,,,,named,docs/resources/lenders.md,,C0142
C0143,Greystone,Lender,Agency multifamily lender (DUS/Optigo),US,Prospective lender,"Fannie/Freddie multifamily, 5+ units",,,,,named,docs/resources/lenders.md,,C0143
C0144,CBRE,Lender,Agency multifamily lender (DUS/Optigo),US,Prospective lender,"Fannie/Freddie multifamily, 5+ units",,,,,named,docs/resources/lenders.md,,C0144
C0145,LISC,Lender,CDFI / mission lender,US,Prospective lender,Gap and predevelopment capital in underserved markets,,,,,named,docs/resources/lenders.md,,C0145
C0146,Enterprise Community Partners,Lender,CDFI / mission lender,US,Prospective lender,Gap and predevelopment capital in underserved markets,,,,,named,docs/resources/lenders.md,,C0146
C0147,Reinvestment Fund,Lender,CDFI / mission lender,US,Prospective lender,Gap and predevelopment capital in underserved markets,,,,,named,docs/resources/lenders.md,,C0147
C0148,IFF,Lender,CDFI / mission lender,US,Prospective lender,Gap and predevelopment capital in underserved markets,,,,,named,docs/resources/lenders.md,,C0148
C0149,Trepp,Data vendor,Market research,US,Data source,CMBS market prints,,,,,named,docs/resources/lenders.md; property-data-sources.md,,C0149
C0150,NCREIF / NAREIT / Moody's CRE (REIS),Data vendor,Market research,US,Data source,Institutional CRE indices,,,,,named,docs/resources/lenders.md; property-data-sources.md,,C0150
C0151,Regrid,Data vendor,Listing / auction / county-records platform,US,Data source,"Listings, auctions, address hygiene or county assessor front-ends",,,,,named,docs/resources/property-data-sources.md,,C0151
C0152,CoStar,Data vendor,Listing / auction / county-records platform,US,Data source,"Listings, auctions, address hygiene or county assessor front-ends",,,,,named,docs/resources/property-data-sources.md,,C0152
C0153,LoopNet,Data vendor,Listing / auction / county-records platform,US,Data source,"Listings, auctions, address hygiene or county assessor front-ends",,,,,named,docs/resources/property-data-sources.md,,C0153
C0154,Crexi,Data vendor,Listing / auction / county-records platform,US,Data source,"Listings, auctions, address hygiene or county assessor front-ends",,,,,named,docs/resources/property-data-sources.md,,C0154
C0155,Brevitas,Data vendor,Listing / auction / county-records platform,US,Data source,"Listings, auctions, address hygiene or county assessor front-ends",,,,,named,docs/resources/property-data-sources.md,,C0155
C0156,TenX,Data vendor,Listing / auction / county-records platform,US,Data source,"Listings, auctions, address hygiene or county assessor front-ends",,,,,named,docs/resources/property-data-sources.md,,C0156
C0157,RealAuction,Data vendor,Listing / auction / county-records platform,US,Data source,"Listings, auctions, address hygiene or county assessor front-ends",,,,,named,docs/resources/property-data-sources.md,,C0157
C0158,GovEase,Data vendor,Listing / auction / county-records platform,US,Data source,"Listings, auctions, address hygiene or county assessor front-ends",,,,,named,docs/resources/property-data-sources.md,,C0158
C0159,SRI,Data vendor,Listing / auction / county-records platform,US,Data source,"Listings, auctions, address hygiene or county assessor front-ends",,,,,named,docs/resources/property-data-sources.md,,C0159
C0160,Bid4Assets,Data vendor,Listing / auction / county-records platform,US,Data source,"Listings, auctions, address hygiene or county assessor front-ends",,,,,named,docs/resources/property-data-sources.md,,C0160
C0161,Melissa,Data vendor,Listing / auction / county-records platform,US,Data source,"Listings, auctions, address hygiene or county assessor front-ends",,,,,named,docs/resources/property-data-sources.md,,C0161
C0162,Smarty,Data vendor,Listing / auction / county-records platform,US,Data source,"Listings, auctions, address hygiene or county assessor front-ends",,,,,named,docs/resources/property-data-sources.md,,C0162
C0163,Tyler Technologies (iasWorld / EagleWeb),Data vendor,Listing / auction / county-records platform,US,Data source,"Listings, auctions, address hygiene or county assessor front-ends",,,,,named,docs/resources/property-data-sources.md,,C0163
C0164,Beacon / qPublic (Schneider),Data vendor,Listing / auction / county-records platform,US,Data source,"Listings, auctions, address hygiene or county assessor front-ends",,,,,named,docs/resources/property-data-sources.md,,C0164
C0165,BS&A Online,Data vendor,Listing / auction / county-records platform,US,Data source,"Listings, auctions, address hygiene or county assessor front-ends",,,,,named,docs/resources/property-data-sources.md,,C0165
C0166,Vision Government Solutions,Data vendor,Listing / auction / county-records platform,US,Data source,"Listings, auctions, address hygiene or county assessor front-ends",,,,,named,docs/resources/property-data-sources.md,,C0166
C0167,actDataScout,Data vendor,Listing / auction / county-records platform,US,Data source,"Listings, auctions, address hygiene or county assessor front-ends",,,,,named,docs/resources/property-data-sources.md,,C0167
C0168,DEVNET wEdge,Data vendor,Listing / auction / county-records platform,US,Data source,"Listings, auctions, address hygiene or county assessor front-ends",,,,,named,docs/resources/property-data-sources.md,,C0168
C0169,Delta / Flagship,Data vendor,Listing / auction / county-records platform,US,Data source,"Listings, auctions, address hygiene or county assessor front-ends",,,,,named,docs/resources/property-data-sources.md,,C0169
C0170,Vanguard / GIS Workshop,Data vendor,Listing / auction / county-records platform,US,Data source,"Listings, auctions, address hygiene or county assessor front-ends",,,,,named,docs/resources/property-data-sources.md,,C0170
C0171,PropStream,Competitor,Data & lists,US,Competitor (monitor),"Nationwide records, ownership and mortgage data, comps, filters, lead lists, skip tracing, email/direct mail",,,,https://www.propstream.com,pricing reported,docs/market/LANDSCAPE.md,Price as reported: Essentials $99/mo · Pro $199/mo · Elite $699/mo (annual-effective $81/$165/$583),C0171
C0172,BatchLeads,Competitor,Data & lists,US,Competitor (monitor),"Curated database, one-click list building, owner enrichment, skip tracing, outbound campaigns, CRM",,,,https://batchleads.io,pricing reported,docs/market/LANDSCAPE.md,Price as reported: Growth $119/mo · Professional $349/mo · Scale $749/mo · Enterprise custom,C0172
C0173,DealMachine,Competitor,Field acquisition,US,Competitor (monitor),"Mobile lookup, map prospecting, owner identification, comps, skip tracing, postcards, dispositions",,,,https://www.dealmachine.com,pricing reported,docs/market/LANDSCAPE.md,Price as reported: From $99–$119/mo depending on billing; mail is credit-metered,C0173
C0174,REsimpli,Competitor,Investor CRM,US,Competitor (monitor),"CRM, nationwide data, list building, dialer, SMS, direct mail, attribution, reporting",,,,https://resimpli.com,pricing reported,docs/market/LANDSCAPE.md,Price as reported: Basic $149/mo · Pro $299/mo · Enterprise $599/mo; annual Solo cited at $249/mo,C0174
C0175,REISift,Competitor,Data hygiene,US,Competitor (monitor),"List cleansing, dedupe, stacking, USPS vacancy, address normalisation, statuses, exports",,,,https://realestatebees.com,pricing reported,docs/market/LANDSCAPE.md,Price as reported: Essentials $49/mo · Professional $149/mo · Business $299/mo (older annual totals also cited),C0175
C0176,DataSift,Competitor,Data & scoring,US,Competitor (monitor),"Nationwide data, CRM, unlimited skip tracing, lead scoring, county distress data",,,,https://www.datasift.ai,pricing reported,docs/market/LANDSCAPE.md,Price as reported: Plans from $149/mo,C0176
C0177,BatchDialer,Competitor,Outbound calling,US,Competitor (monitor),"Multi-line dialer, agent/team workflows, PropStream integration",,,,https://www.propstream.com,pricing reported,docs/market/LANDSCAPE.md,Price as reported: Starter $119/agent/mo ($95 annual-effective); Pro and Enterprise above,C0177
C0178,InvestorFuse,Competitor,Acquisition ops,US,Competitor (monitor),"Investor CRM, lead flows, routing, tasking, attribution, cost per contract and per closed deal",,,,https://www.realestateskills.com,pricing reported,docs/market/LANDSCAPE.md,Price as reported: Essentials $147/mo · Pro $247/mo · Premium $377/mo; setup fees reported at $197/$497,C0178
C0179,DealTools,Competitor,Field acquisition,US,Competitor (monitor),"Property lookup, owner/contact data, driving for dollars, comping, lead management",,,,,pricing no public price,docs/market/LANDSCAPE.md,Price as reported: Quote or subscription; no public tier in the source material,C0179
C0180,PropertyRadar,Competitor,Parcel intelligence,US,Competitor (monitor),"Public-record data, mapping, parcel and ownership filters, distress research, lists",,,,,pricing no public price,docs/market/LANDSCAPE.md,Price as reported: Geographic and usage-based; no single public tier,C0180
C0181,LandGlide,Competitor,Parcel lookup,US,Competitor (monitor),"Parcel boundaries, ownership, APN detail, overlays, GPS field work",,,,,pricing unsourced,docs/market/LANDSCAPE.md,Price as reported: Not recorded — the research named a mobile subscription figure and cited nothing for it,C0181
C0182,Foreclosure.com,Competitor,Distress leads,US,Competitor (monitor),"Pre-foreclosure, auction, REO, tax lien and bankruptcy discovery with alerts",,,,,pricing no public price,docs/market/LANDSCAPE.md,Price as reported: Paid subscription after trial; regional and promotional variation,C0182
C0183,DataTree,Competitor,Title & documents,US,Competitor (monitor),"Property profiles, ownership history, deeds, mortgages, liens, tax data, document retrieval",,,,,pricing no public price,docs/market/LANDSCAPE.md,Price as reported: Subscription and transaction-based; enterprise pricing,C0183
C0184,DealCheck,Competitor,Underwriting,US,Competitor (monitor),"Rental, flip, BRRRR and commercial analysis; loan modelling; cap rate, CoC, IRR, GRM; reports",,,,https://play.google.com,pricing reported,docs/market/LANDSCAPE.md,Price as reported: Free core; paid tiers described near $19/mo and $39/mo,C0184
C0185,BiggerPockets Pro,Competitor,Underwriting & community,US,Competitor (monitor),"Rental/flip/BRRRR calculators, saved reports, market content, forums",,,,https://www.biggerpockets.com,pricing reported,docs/market/LANDSCAPE.md,"Price as reported: Plus near $19/mo, Pro near $39/mo per the cited directory",C0185
C0186,Mashvisor,Competitor,Market analytics,US,Competitor (monitor),"Investment-property search, rental estimates, cash-flow and ROI analytics, STR and LTR analysis",,,,https://www.bnbcalc.com,pricing reported,docs/market/LANDSCAPE.md,Price as reported: Annual-effective Lite $39.99 · Standard $74.99 · Professional $99.99 · Enterprise custom,C0186
C0187,AirDNA,Competitor,STR analytics,US,Competitor (monitor),"Market analysis, Rentalizer revenue estimates, demand history, comp sets, rate calendars",,,,https://www.bnbcalc.com,pricing reported,docs/market/LANDSCAPE.md,Price as reported: Free tier · Research $125/mo · Host $150/mo · Property Manager and Enterprise by quote,C0187
C0188,Rentometer,Competitor,Rent comps,US,Competitor (monitor),"Rent comparables, rent reports, neighbourhood benchmarks, API access",,,,,pricing no public price,docs/market/LANDSCAPE.md,Price as reported: Professional and enterprise subscriptions; usage-dependent,C0188
C0189,CoStar,Competitor,Commercial data,US,Competitor (monitor),"Commercial inventory, sales and lease comps, ownership, analytics, tenants, portfolios",,,,,pricing no public price,docs/market/LANDSCAPE.md,"Price as reported: Custom enterprise, quote-based",C0189
C0190,HouseCanary,Competitor,Valuation analytics,US,Competitor (monitor),"AVMs, property data, market analytics, rental estimates, risk and collateral analytics, API",,,,,pricing no public price,docs/market/LANDSCAPE.md,"Price as reported: Enterprise, quote-based",C0190
C0191,AppFolio,Competitor,Property management,US,Competitor (monitor),"Leasing, resident portal, accounting, maintenance, payments, reporting, integrations",,,,https://www.rentecdirect.com,pricing reported,docs/market/LANDSCAPE.md,"Price as reported: Core $1.40/unit/mo (min $280) · Plus $3.00 (min $900) · Max $5.00 (min $7,500)",C0191
C0192,Buildium,Competitor,Property management,US,Competitor (monitor),"Applications and screening, listings, payments, reporting, eSignatures, analytics, open API at Premium",,,,https://www.buildium.com,pricing reported,docs/market/LANDSCAPE.md,Price as reported: Essential from $62/mo · Growth $192/mo · Premium $400/mo,C0192
C0193,Rentec Direct,Competitor,Property management,US,Competitor (monitor),"Tenant and lease management, payments, accounting, reporting, maintenance",,,,https://www.rentecdirect.com,pricing reported,docs/market/LANDSCAPE.md,Price as reported: Pro $2.00/unit/mo (min $50) · PM $2.50/unit/mo (min $50); a current page cites Pro from $55/mo,C0193
C0194,TenantCloud,Competitor,Property management,US,Competitor (monitor),"Listings, applications, payments, maintenance, inspections, reconciliation, owner portal",,,,https://www.buildium.com,pricing reported,docs/market/LANDSCAPE.md,Price as reported: Starter $18/mo · Growth $35/mo · Pro $60/mo (annual-effective $16.50/$32.10/$55),C0194
C0195,RentRedi,Competitor,Property management,US,Competitor (monitor),"Rent collection, screening, listings, maintenance, leasing, tenant communications",,,,https://rentredi.com,pricing reported,docs/market/LANDSCAPE.md,Price as reported: Grow $12/mo billed annually; Pro custom,C0195
C0196,Maricopa County,Government — county/parish,Public-record office (assessor/recorder/GIS),AZ,Data source,"Parcels, use codes, owner of record, values, filings",,,,,named,docs/states/coverage/,Coverage status per gate is in the state's coverage file,C0196
C0197,Marion County,Government — county/parish,Public-record office (assessor/recorder/GIS),IN,Data source,"Parcels, use codes, owner of record, values, filings",,,,,named,docs/states/coverage/,Coverage status per gate is in the state's coverage file,C0197
C0198,Tippecanoe County,Government — county/parish,Public-record office (assessor/recorder/GIS),IN,Data source,"Parcels, use codes, owner of record, values, filings",,,,,named,docs/states/coverage/,Coverage status per gate is in the state's coverage file,C0198
C0199,Orleans Parish Assessor,Government — county/parish,Public-record office (assessor/recorder/GIS),LA,Data source,"Parcels, use codes, owner of record, values, filings",,,,,named,docs/states/coverage/,Coverage status per gate is in the state's coverage file,C0199
C0200,Orleans Parish Clerk of Civil District Court (Land Records),Government — county/parish,Public-record office (assessor/recorder/GIS),LA,Data source,"Parcels, use codes, owner of record, values, filings",,,,,named,docs/states/coverage/,Coverage status per gate is in the state's coverage file,C0200
C0201,"City of New Orleans (CZO, STR registry, permits open data)",Government — county/parish,Public-record office (assessor/recorder/GIS),LA,Data source,"Parcels, use codes, owner of record, values, filings",,,,,named,docs/states/coverage/,Coverage status per gate is in the state's coverage file,C0201
C0202,East Baton Rouge Assessor / EBRGIS,Government — county/parish,Public-record office (assessor/recorder/GIS),LA,Data source,"Parcels, use codes, owner of record, values, filings",,,,,named,docs/states/coverage/,Coverage status per gate is in the state's coverage file,C0202
C0203,East Baton Rouge Clerk of Court,Government — county/parish,Public-record office (assessor/recorder/GIS),LA,Data source,"Parcels, use codes, owner of record, values, filings",,,,,named,docs/states/coverage/,Coverage status per gate is in the state's coverage file,C0203
C0204,Jefferson Parish Assessor / GIS,Government — county/parish,Public-record office (assessor/recorder/GIS),LA,Data source,"Parcels, use codes, owner of record, values, filings",,,,,named,docs/states/coverage/,Coverage status per gate is in the state's coverage file,C0204
C0205,Lafayette Parish Assessor,Government — county/parish,Public-record office (assessor/recorder/GIS),LA,Data source,"Parcels, use codes, owner of record, values, filings",,,,,named,docs/states/coverage/,Coverage status per gate is in the state's coverage file,C0205
C0206,St. Tammany Parish Assessor,Government — county/parish,Public-record office (assessor/recorder/GIS),LA,Data source,"Parcels, use codes, owner of record, values, filings",,,,,named,docs/states/coverage/,Coverage status per gate is in the state's coverage file,C0206
C0207,Caddo Parish Assessor,Government — county/parish,Public-record office (assessor/recorder/GIS),LA,Data source,"Parcels, use codes, owner of record, values, filings",,,,,named,docs/states/coverage/,Coverage status per gate is in the state's coverage file,C0207
C0208,Louisiana Tax Commission,Government — county/parish,Public-record office (assessor/recorder/GIS),LA,Data source,"Parcels, use codes, owner of record, values, filings",,,,,named,docs/states/coverage/,Coverage status per gate is in the state's coverage file,C0208
C0209,Clark County,Government — county/parish,Public-record office (assessor/recorder/GIS),NV,Data source,"Parcels, use codes, owner of record, values, filings",,,,,named,docs/states/coverage/,Coverage status per gate is in the state's coverage file,C0209
C0210,Washoe County,Government — county/parish,Public-record office (assessor/recorder/GIS),NV,Data source,"Parcels, use codes, owner of record, values, filings",,,,,named,docs/states/coverage/,Coverage status per gate is in the state's coverage file,C0210
C0211,Bernalillo County Assessor,Government — county/parish,Public-record office (assessor/recorder/GIS),NM,Data source,"Parcels, use codes, owner of record, values, filings",,,,https://assessormap.bernco.gov,named,docs/states/coverage/,Coverage status per gate is in the state's coverage file,C0211
C0212,Sandoval County,Government — county/parish,Public-record office (assessor/recorder/GIS),NM,Data source,"Parcels, use codes, owner of record, values, filings",,,,,named,docs/states/coverage/,Coverage status per gate is in the state's coverage file,C0212
C0213,Onondaga County (via NYS Tax Parcels),Government — county/parish,Public-record office (assessor/recorder/GIS),NY,Data source,"Parcels, use codes, owner of record, values, filings",,,,,named,docs/states/coverage/,Coverage status per gate is in the state's coverage file,C0213
C0214,New York City (DOF / ACRIS),Government — county/parish,Public-record office (assessor/recorder/GIS),NY,Data source,"Parcels, use codes, owner of record, values, filings",,,,,named,docs/states/coverage/,Coverage status per gate is in the state's coverage file,C0214
C0215,Wake County,Government — county/parish,Public-record office (assessor/recorder/GIS),NC,Data source,"Parcels, use codes, owner of record, values, filings",,,,,named,docs/states/coverage/,Coverage status per gate is in the state's coverage file,C0215
C0216,Guilford County,Government — county/parish,Public-record office (assessor/recorder/GIS),NC,Data source,"Parcels, use codes, owner of record, values, filings",,,,,named,docs/states/coverage/,Coverage status per gate is in the state's coverage file,C0216
C0217,Chatham County,Government — county/parish,Public-record office (assessor/recorder/GIS),NC,Data source,"Parcels, use codes, owner of record, values, filings",,,,,named,docs/states/coverage/,Coverage status per gate is in the state's coverage file,C0217
C0218,Franklin County,Government — county/parish,Public-record office (assessor/recorder/GIS),OH,Data source,"Parcels, use codes, owner of record, values, filings",,,,,named,docs/states/coverage/,Coverage status per gate is in the state's coverage file,C0218
C0219,Mahoning County,Government — county/parish,Public-record office (assessor/recorder/GIS),OH,Data source,"Parcels, use codes, owner of record, values, filings",,,,,named,docs/states/coverage/,Coverage status per gate is in the state's coverage file,C0219
C0220,Trumbull County,Government — county/parish,Public-record office (assessor/recorder/GIS),OH,Data source,"Parcels, use codes, owner of record, values, filings",,,,,named,docs/states/coverage/,Coverage status per gate is in the state's coverage file,C0220
C0221,Utah County,Government — county/parish,Public-record office (assessor/recorder/GIS),UT,Data source,"Parcels, use codes, owner of record, values, filings",,,,,named,docs/states/coverage/,Coverage status per gate is in the state's coverage file,C0221
